{
  "development": {
    "server": "10.124.100.94",
    "database": "b2b",
    "user": "AUTOMACAO_B2B",
    "password": "Automacao_TOP!",
    "options": {
      "encrypt": false,
      "trustServerCertificate": true,
      "enableArithAbort": true
    },
    "pool": {
      "max": 20,
      "min": 0,
      "idleTimeoutMillis": 30000
    }
  },
  "production": {
    "server": "10.124.100.94",
    "database": "b2b",
    "user": "AUTOMACAO_B2B",
    "password": "Automacao_TOP!",
    "options": {
      "encrypt": false,
      "trustServerCertificate": true,
      "enableArithAbort": true
    },
    "pool": {
      "max": 20,
      "min": 0,
      "idleTimeoutMillis": 30000
    }
  }
}
