{
  "version": "2.0.1",
  "updated_at": "2025-09-04T17:30:00.000Z",
  "changelog": "Correção para ambientes corporativos com proxy/firewall - adicionado suporte a curl e PowerShell como fallback",
  "components": {
    "backend": {
      "version": "2.0.1",
      "last_update": "2025-09-04T17:30:00.000Z",
      "changes": ["Suporte a ambientes corporativos", "Fallback para curl e PowerShell", "Configuração SSL relaxada"]
    },
    "frontend": {
      "version": "2.0.0", 
      "last_update": "2025-01-02T21:00:00.000Z",
      "changes": ["Dashboard moderno", "Ranking por categoria", "Export Excel simplificado", "Gráficos interativos"]
    },
    "updater": {
      "version": "2.0.1",
      "last_update": "2025-09-04T17:30:00.000Z",
      "changes": ["Sistema corporativo de download", "Múltiplos métodos de fallback", "Detecção automática de ambiente"]
    }
  },
  "requirements": {
    "node_version": ">=16.0.0",
    "database": "SQL Server com tabela demands atualizada",
    "dependencies": ["express", "mssql"],
    "network": "Funciona offline se GitHub inacessível"
  },
  "corporate_support": {
    "ssl_bypass": true,
    "curl_fallback": true,
    "powershell_fallback": true,
    "offline_mode": true
  }
}