{
  "version": "2.0.3",
  "updated_at": "2025-09-04T18:00:00.000Z",
  "changelog": "Correção: Verificação e instalação automática de dependências (express, mssql)",
  "components": {
    "backend": {
      "version": "2.0.1",
      "last_update": "2025-09-04T17:30:00.000Z",
      "changes": ["Suporte a ambientes corporativos", "Fallback para curl e PowerShell", "Configuração SSL relaxada"]
    },
    "frontend": {
      "version": "2.0.3", 
      "last_update": "2025-09-04T18:00:00.000Z",
      "changes": ["Verificação automática de dependências", "Instalação automática do Express e MSSQL", "Melhoria na estabilidade"]
    },
    "updater": {
      "version": "2.0.1",
      "last_update": "2025-09-04T17:30:00.000Z",
      "changes": ["Sistema corporativo de download", "Múltiplos métodos de fallback", "Detecção automática de ambiente"]
    }
  },
  "requirements": {
    "node_version": ">=16.0.0",
    "database": "SQL Server com tabela demands atualizada",
    "dependencies": ["express", "mssql"],
    "network": "Funciona offline se GitHub inacessível"
  },
  "corporate_support": {
    "ssl_bypass": true,
    "curl_fallback": true,
    "powershell_fallback": true,
    "offline_mode": true
  }
}